product_id,review_n,category,product_name_clean,Q_mass_total,Q_pos_product,E_mass_total,E_pos_product,S_mass_total,S_pos_product
PRD_0001,1461,로션,피지오겔 DMT 데일리 보습 페이셜 로션 200ml,986.0396996879268,0.830442502564907,474.43303080242407,0.8366587606592252,382.5272695096492,0.8859389438298482
PRD_0004,2,크림,[끝장크림] 시카고 시카 피니쉬 크림 50ml,2.356794906697313,0.4045611781202451,0.3280419754391206,0.676739674965923,0.3151631178635656,0.6331110615908744
PRD_0005,26,스킨/토너,싸이닉 더 심플 카밍 토너 145ml,21.929043337712034,0.7790106578150978,11.2088831056107,0.7531595647571475,6.86207355667727,0.8321773253674905
PRD_0006,10,로션,싸이닉 더 심플 데일리 로션 145ml,14.241505346211754,0.7000518313954086,2.1481332395067705,0.7571663493496342,1.610361414281473,0.8167123114458984
PRD_0007,10,스킨/토너,싸이닉 더 심플 카밍 토너 145ml,11.50090014576558,0.7398670178039989,2.9176377985262114,0.7102571455727386,1.581462055708208,0.7758799725071673
PRD_0008,8,크림,마티나겝하르트 아보카도 아이크림 15ml,9.18287657444014,0.5457852118758661,2.476838446547428,0.701198370899539,1.3402849790124307,0.6577628881240848
PRD_0009,12,스킨/토너,[1등토너]라운드랩 1025 독도 토너 200ml,13.435828723444878,0.7610232474188393,6.955363282290118,0.8486473054154144,4.608807994265003,0.8553171421132553
PRD_0010,1,로션,[피지&모공케어]눅스 맨 올인원 모이스춰라이징 젤 50ml,0.9691908780438556,0.9825,0.0047901170227886,0.9824999999999998,0.0260190049333555,0.9825
PRD_0011,237,에센스/세럼/앰플,[올리브영 1등 세럼/속보습세럼]토리든 다이브인 저분자 히알루론산 세럼 50ml,267.8040361438142,0.7743025391313886,78.2840579400495,0.7788438890604433,43.91190591613629,0.7992308720356497
PRD_0012,397,스킨/토너,이즈앤트리 히아루론산 토너 200ml,274.77552316159864,0.8346918468118238,175.84026274510785,0.8516407826955954,118.38421409329342,0.8773262959871317
PRD_0013,10,스킨/토너,[대용량] 이즈앤트리 히아루론산 토너 400ml,16.25228872612488,0.7238166461137134,3.473577567039784,0.7752961721026372,1.274133706835334,0.692050636612106
PRD_0014,498,스킨/토너,코스알엑스 풀핏 프로폴리스 시너지 토너 280ml,403.71766553458826,0.8439769643250888,156.53466239848615,0.8331890625853008,109.74767206692552,0.8757386261812892
PRD_0015,2,크림,코스알엑스 풀핏 프로폴리스 라이트 크림 65ml,1.6527465904407113,0.7100574609862823,1.1097972831398308,0.7336440320353641,1.237456126419458,0.9311512337228164
PRD_0016,3192,미스트/오일,에스트라 아토베리어365 크림미스트 120ml,3098.1574315981907,0.7448071318114428,923.5409403218764,0.769827747265656,676.3016280799332,0.8351291041815763
PRD_0017,497,스킨/토너,[1등토너] 라운드랩 1025 독도 토너 200ml 기획 (+50ml),510.0098717599832,0.8066679777217667,181.8106545055984,0.7897058338787856,89.17947373441848,0.8265768447638894
PRD_0018,4,스킨/토너,마녀공장 비피다 바이옴 앰플 토너 400ml,3.289690739241453,0.8001355838533114,3.944471453914995,0.7713345714882459,1.7658378068435518,0.7844968408980272
PRD_0019,10,에센스/세럼/앰플,마녀공장 비피다 바이옴 콤플렉스 앰플 30ml,6.174995340151625,0.7678495216386888,3.173048989114432,0.6497096827396783,2.651955670733943,0.8417660676648135
PRD_0020,77,로션,싸이닉 더 심플 데일리 로션 260ml,63.52984309916796,0.8031028861575307,28.235181261408275,0.8475350358258271,13.234975639423777,0.860334480117456
PRD_0021,376,스킨/토너,[1등토너] 라운드랩 1025 독도 토너 500ml 기획 (+100ml),392.8192883046983,0.8154160153106906,140.2425468351072,0.7983316248647054,79.93816486019448,0.8450227510770509
PRD_0023,3,에센스/세럼/앰플,[끝판꿀광+트러블개선] 스킨푸드 로열허니 프로폴리스 인리치 에센스,2.7635517314301707,0.8643656403868694,0.97089605400011,0.8292483691188328,2.2655522145697184,0.856818419841756
PRD_0024,1381,에센스/세럼/앰플,미샤 비타씨플러스 잡티씨 탄력 앰플40ml,1123.7532516533745,0.7501208667805145,499.17146238348914,0.7896479498041324,335.0752859631366,0.8321240250654643
PRD_0025,2,크림,[수분진정] 아크웰 리얼 아쿠아 밸런싱 크림 50ml,1.596178970367498,0.6750522316508737,0.2996484146787271,0.8404521624717486,0.1041726149537747,0.8462460684161309
PRD_0026,20,에센스/세럼/앰플,[수분레이어링] 아크웰 리얼 아쿠아 밸런싱 앰플 35ml,13.517424984714792,0.8212189550076665,7.008868793386951,0.6778922165917743,4.473706221898256,0.6834419366225881
PRD_0028,2,크림,[눈가&목/레티날0.025%] 닥터디퍼런트 비타리프트 아이앤넥 크림 20g,1.7887797507787728,0.6386190401376595,0.0948808826947796,0.6132142898978731,0.1163393665264476,0.6401004376836323
PRD_0029,43,크림,[탄력/보습크림] 닥터디퍼런트 131 세콜지 모이스처라이저 100ml,47.23592258989826,0.7652310377235204,17.86029845074648,0.7504905197757643,8.903778959355273,0.7652184075851003
PRD_0030,14,크림,[산뜻/지성크림] 닥터디퍼런트 113 세콜지 모이스처라이저 100ml,14.860910758000337,0.8368842122979608,3.7411815126606185,0.7791371411989036,1.3979077293390456,0.8293906529831307
PRD_0033,3,크림,[트러블케어] 닥터디퍼런트 비타아크날 TX 나이트 크림 20g,2.749363563613516,0.7225952145590925,1.0400377871801625,0.65607587899695,0.2105986492063219,0.6599251275316371
PRD_0034,1834,스킨/토너,[대용량/총500ml] 마녀공장 비피다 바이옴 앰플 토너 400ml+100ml 기획,1282.0957501757812,0.8250305643560698,843.3495606631407,0.8379457525582586,503.5546891610783,0.8781201079178872
PRD_0035,27,크림,이즈앤트리 히아루론산 아쿠아 젤 크림 100ml,24.323256056244904,0.8095296736555435,9.350107024452294,0.7445448519027054,5.326636919302802,0.8639198449302817
PRD_0036,9,스킨/토너,토리든 다이브인 저분자 히알루론산 토너 300ml,5.673916021514073,0.862708203998649,2.475197113731354,0.7961970724171674,2.850886864754572,0.9100634972837228
PRD_0037,61,크림,마녀공장 비피다 바이옴 아쿠아 배리어 크림 80ml 증정기획 (+20mlx2ea),74.11342890416039,0.7944613094381,20.548654246039927,0.7581238847317733,11.33791684979969,0.8044270661987654
PRD_0038,476,크림,[수분크림] 에스트라 아토베리어365 하이드로 수딩크림 60ml,510.0088875625394,0.7481873300414831,185.1919947794407,0.6909736518994614,83.79911765801982,0.7788142499982479
PRD_0039,307,스킨/토너,[속수분충전/매끈피부결] 셀퓨전씨 약산성 패리어 토너 300ml,211.74258285544184,0.833177666536727,92.40017280852484,0.8288369374537121,92.85724433603332,0.8969868213572466
PRD_0040,2494,크림,[화해1위/모공 수분천재크림] 에스네이처 아쿠아 스쿠알란 수분크림 60ml,2899.9494767189635,0.766511345530239,750.002174285897,0.762754873155693,456.04834899513946,0.8119027555487092
PRD_0041,574,로션,마녀공장 비피다 바이옴 앰플 로션 300ml,348.51857900848023,0.848960920039075,232.84682458241335,0.8521649317249034,158.63459640910645,0.8981176392547935
PRD_0042,36,스킨/토너,[진정/각질제거/대용량] 닥터지 레드 블레미쉬 클리어 수딩 토너 500ml,22.29263497448267,0.8637085152055662,14.102049374262464,0.841715766243985,7.605315651254865,0.8977359774603104
PRD_0043,240,스킨/토너,[수분진정/붉은기완화] 원씽 병풀 추출물 토너 150ml,179.16563760433405,0.7419223768806436,79.44747510571233,0.7969453416853712,57.386887289953606,0.8380977758676607
PRD_0044,939,미스트/오일,차앤박(CNP) 프로폴리스 에너지 앰플 미스트 100ml,1045.3472324290792,0.7548854271106505,306.7112583356843,0.7578484743213272,180.9415092352365,0.7912835789641515
PRD_0045,455,스킨/토너,[수분진정] 아비브 어성초 카밍 토너 스킨부스터 더블 기획 (200ml+200ml),373.4502015596228,0.8251759222931591,143.15768594923844,0.8204277752472053,110.39211249113882,0.8794364304722307
PRD_0046,6,크림,[진정크림/총100ml] 웰라쥬 리얼 시카카밍 95 크림 80ml 기획 (+20ml),5.952696287743574,0.92686084128573,1.2964699556412207,0.8381600606099888,0.7508337566152053,0.9110266662861708
PRD_0047,42,스킨/토너,[뿌리는 쫀쫀거품 토너] 더말로지카 3 in 1 멀티-액티브 토너 50ml (쿨링/진정/수분),31.441057068887485,0.8060741825597867,13.110713816731106,0.8313130679057756,12.44822911438141,0.8863899004621202
PRD_0048,2166,크림,[수분광/모공쫀쫀 수분천재크림] 에스네이처 아쿠아 스쿠알란 수분크림 60ml 기획(60ml+30ml),2565.8126687766207,0.7584790006608502,668.024295254464,0.7571816734433072,411.16303596891487,0.8071119067715161
PRD_0049,24,에센스/세럼/앰플,수이스킨 하얀 자작나무 수액 앰플 35ml,18.271718542384413,0.7947564681203113,8.890847080417316,0.8397306672331596,6.837434377198273,0.8728988460017199
PRD_0050,983,에센스/세럼/앰플,[트러블모공] 디오디너리 나이아신아마이드 10% + 징크 1% 30ml,1334.323738296494,0.5891058392659948,382.7883849793159,0.67708036771786,206.88787672419,0.6993192527492773
PRD_0051,80,에센스/세럼/앰플,잇츠스킨 파워 10 포뮬라 엘아이 이펙터 감초줄렌 30ml(AD),72.93705430971606,0.780017118274076,38.87349652063757,0.785307767573626,27.18944916964637,0.8391670857347445
PRD_0053,489,에센스/세럼/앰플,믹순 순디 병풀 에센스 100ml,379.6439067306465,0.7598234195362051,192.80761411343545,0.7764811164464217,140.54847915591807,0.8476368182760083
PRD_0054,12,에센스/세럼/앰플,[수분결광] 믹순 콩 에센스 50ml,14.180884597021455,0.6755100933010065,5.562700027101057,0.7367436272652249,3.2564153758774883,0.7925669474495802
PRD_0055,116,에센스/세럼/앰플,믹순 갈락토미세스 발효 에센스 100ml,94.23405187591698,0.763118057187343,57.15451037954152,0.7552913846042496,34.61143774454152,0.8226580010949442
PRD_0056,566,스킨/토너,[화해1위 3관왕] 에스네이처 아쿠아 오아시스 토너 300ml,534.2726726124248,0.8316816375436217,194.858059483676,0.8237234172045913,100.8692679038993,0.850359602072805
PRD_0057,9551,에센스/세럼/앰플,[트러블모공] 디오디너리 나이아신아마이드 10% + 징크 1% 60ml,7237.220851984115,0.7132183915133375,3595.2321945717385,0.7841352520735952,2782.546953444146,0.8472435982526779
PRD_0058,22,크림,빌리프 스트레스 슈터 시카 밤 크림 50ml,16.503347780342427,0.7701702911202688,11.01993886580118,0.8235586733306711,8.476713353856393,0.8436387311640072
PRD_0059,1182,에센스/세럼/앰플,차앤박(CNP) 프로폴리스 트리트먼트 앰플 에센스 기획(150ml+50ml),872.7486898267159,0.843498304928413,498.4037302024441,0.8253068394909532,333.84757997084,0.8774784470255002
PRD_0060,37,스킨/토너,그레이멜린 알래스카 내추럴 토너500ml,22.18241257107543,0.8513948258809281,12.46992833423544,0.8667269864545651,11.347659094689126,0.9076651058986628
PRD_0061,20,스킨/토너,이즈앤트리 어니언 뉴페어 에센스 토너 200ml,14.546102294705248,0.7165538281986046,6.994942086322185,0.7537530233417987,6.45895561897257,0.8641968814016324
PRD_0062,101,로션,[대용량] 라운드랩 1025 독도 로션 400ml,91.48472769898504,0.859780924836627,34.179513665146125,0.8587185147481501,17.335758635868828,0.8745826273304445
PRD_0063,1,크림,스킨1004 마다가스카르 센텔라 수딩 크림 75ml,0.183470897766636,0.895,0.6867777034370134,0.8949999999999999,0.1297513987963505,0.895
PRD_0064,3881,에센스/세럼/앰플,[누적판매 1500만]스킨1004 마다가스카르 센텔라 앰플 55ml,6423.828254017558,0.8079403370546114,1733.9932851985802,0.791947497081245,982.1784607838612,0.8260726750306228
PRD_0065,2626,크림,[단독기획] 토리든 다이브인 저분자 히알루론산 크림 80ml 기획(+크림 20ml 추가증정),2155.118231364094,0.8237442404033304,773.5221648643685,0.8173892203367235,622.3596037715376,0.8818542936811213
PRD_0066,10,크림,[수분진정] 비플레인 시카테롤 크림 60ml,9.7042032809569,0.8112306202923975,3.2833846644469173,0.7744846959308173,1.0124120545961817,0.7820704341070941
PRD_0067,1256,에센스/세럼/앰플,[급속진정] 비플레인 시카테롤 앰플 30ml,970.7587296960191,0.7865183395532871,397.50387799707903,0.7912957066719917,310.73739230690177,0.8558575791076841
PRD_0068,345,스킨/토너,피지오겔 레드수딩 시카밸런스 토너 200ml,239.52718353590475,0.8034994798942815,110.45615728544274,0.8234242965053657,90.01665917865253,0.8808749591371305
PRD_0069,2283,크림,[더블기획/1+1] 토리든 다이브인 히알루론산 수딩 크림 더블기획 (100ml+100ml),2552.806962175264,0.7945021545930986,716.6127245657408,0.7916887206461392,424.58031325899503,0.8315810054074073
PRD_0070,2,크림,[진정/쿨링] 닥터디퍼런트 시카 메탈 퀵 수딩 크림 50g,1.7112927994881797,0.7691113777608927,0.972849564645038,0.9220021649373872,0.3158576358667824,0.8290311923396815
PRD_0071,486,미스트/오일,차앤박(CNP) 프로폴리스 에너지 앰플 미스트 250ml,497.77560115415616,0.7714520009914799,193.1656043955377,0.775450115808227,104.05879445030612,0.8199566259175228
PRD_0072,1694,에센스/세럼/앰플,[장벽부스터/더블기획] 마녀공장 비피다 바이옴 콤플렉스 앰플 30ml 2입 기획,1210.3003367466022,0.8041733836603951,694.5180500916307,0.813042157677357,466.18161316176696,0.8644606631408962
PRD_0073,502,에센스/세럼/앰플,[7일잡티개선] 앰플엔 블레미샷 잡티앰플 50ml,529.3045501940426,0.7254548224414938,172.72911309923344,0.7535990569859738,119.96633670672394,0.8106039976195831
PRD_0074,843,에센스/세럼/앰플,[올리브영 단독기획] 믹순 콩 에센스 50ml 기획 (+병풀 에센스 20ml),795.0891680617111,0.7506369297344663,324.0748561609828,0.754989677986885,206.835975777306,0.8176072891784971
PRD_0075,3203,크림,토리든 다이브인 저분자 히알루론산 수딩 크림 100ml,3782.375579145069,0.7864324748196687,1015.019702686777,0.779089389191102,610.6047181681542,0.8248655623660739
PRD_0076,74,크림,[24시간수분잠금] 아비브 수분초 히알루론 크림 하이드레이팅 팟 80ml,54.51792437068707,0.8267480149123612,24.295660005988385,0.7886659401729171,19.18641562332455,0.8983369193331294
PRD_0077,498,스킨/토너,[증량기획] 토리든 다이브인 저분자 히알루론산 토너 300ml 기획(+100ml 추가 증정),516.1985533540151,0.7979974255513756,157.41033276718073,0.806099699298257,97.39111387880423,0.8445722014731956
PRD_0079,440,에센스/세럼/앰플,[미백잡티] 유세린 이븐래디언스 듀오 앰플 30ml,328.3101152024437,0.7554042817237774,191.2284160064408,0.7570992966752685,116.46146879111552,0.8298357906477107
PRD_0080,472,로션,[미백잡티] 유세린 이븐래디언스 모이스처라이저 50ml,353.0293382310086,0.7810729276984985,172.3358444620057,0.7761095599428861,120.63481730698572,0.8389788068197999
PRD_0081,494,크림,[속건조/진정보습] 닥터지 레드 블레미쉬 클리어 모이스처 크림 70ml 기획 (+30ml 증정),597.1598049728642,0.7821869874686506,135.21569488706757,0.7554608525671052,89.62450014006822,0.8185566489680469
PRD_0082,277,스킨/토너,[진정보습] 닥터지 레드 블레미쉬 클리어 모이스처 토너 증정 기획 (토너 300ml+크림30ml),183.78328768020052,0.8718432130146916,84.53924924325369,0.8503636112751681,76.67746307654579,0.9101418250927106
PRD_0083,71,로션,일소 데일리 모이스처 소프트닝 로션 150ml,68.69878265859735,0.8304936445701038,25.956500968568065,0.804010621921658,16.344716372834593,0.8626612993892953
PRD_0084,51,에센스/세럼/앰플,[응급진정/흔적케어]로벡틴 시카케어 클리어링 앰플 30ml,50.39306672939366,0.7735106733248233,22.367215007447843,0.7510303268774206,20.2397182631585,0.8597435010945832
PRD_0088,220,스킨/토너,[수딩진정] 넘버즈인 1번 진정 맑게담은 청초토너 300ml 기획 (+1번 패드 10매 증정),163.39976158853025,0.803212812483078,65.31340743357292,0.7876356907580363,44.28683097789681,0.8494763564137434
PRD_0089,594,스킨/토너,[증정기획/대용량] 토리든 다이브인 저분자 히알루론산 토너 500ml 기획 (+화장솜 60매 증정),624.7838392462306,0.7995184933006474,196.1629440082245,0.805404467488735,116.05321674554474,0.8367747475810674
PRD_0090,981,에센스/세럼/앰플,[더블기획] 라운드랩 소나무 진정 시카 앰플 30ml+30ml,1077.7808633335635,0.7495755511457506,383.74843852634433,0.7085887529487336,237.4706981400921,0.7963320674242969
PRD_0091,411,크림,코스알엑스 더 레티놀 0.1 크림 20ml,486.04787128167584,0.6658400488391671,160.69599774304885,0.7211038609445701,92.25613097527533,0.7549102508112641
PRD_0092,1967,에센스/세럼/앰플,[트러블피지완화] 코스알엑스 더 나이아신아마이드 15 세럼 20ml,1627.886963576622,0.7465542533869669,698.5098852827379,0.7734692963066007,528.6031511406402,0.8427628009305332
PRD_0093,321,에센스/세럼/앰플,코스알엑스 더 히알루론산 3 세럼 20ml,249.87867826413896,0.776031953517101,110.95119879953702,0.7383330503119707,76.17012293632402,0.8408102052175032
PRD_0094,1,크림,숨37 마이크로액티브 소프트 핏 크림 50ml,0.973442052304724,0.8275,0.0172144656520517,0.8275,0.0093434820432241,0.8275
PRD_0095,422,스킨/토너,메이크프렘 인테카 진정 토너 200ml 기획(+리필 100ml+크림 31ml),278.868092730351,0.7995811630531298,143.9932672188768,0.8252715757265242,133.13864005077215,0.892215627538381
PRD_0096,35,크림,[EGF판테놀/장벽] 마일드랩 블루센텔라 더마 리페어크림 50ml,41.776322844316816,0.79600321927789,10.259222384093563,0.716235136242797,5.964454771589612,0.7984621580909652
PRD_0097,263,스킨/토너,[약산성/저자극] 파티온 노스카나인 트러블 클리어 토너 200ml,174.62745552679493,0.8072285739081414,99.90277842723194,0.814508827727437,60.46976604597313,0.8586122318712776
PRD_0099,445,로션,[건성피부/보습케어] 라운드랩 포 맨 1025 독도 올인원 플루이드 200ml,361.73445050732494,0.8508564497177178,174.474528838774,0.8478203420326659,89.79102065390104,0.8908775538362529
PRD_0100,49,크림,[단독기획] 토리든 밸런스풀 시카 진정 크림 80ml 기획 (+세럼 10ml),45.97062856589868,0.8416233152705599,12.945555629512375,0.7933945759963726,7.083815804588951,0.8479070177290592
PRD_0101,11,에센스/세럼/앰플,메디힐 티트리 진정 수분 앰플 50ml,9.255609119636809,0.6030512590065339,3.0017140635835906,0.7702418376802666,1.7426768167795998,0.774008983202037
PRD_0102,584,에센스/세럼/앰플,[단독기획] 메디힐 티트리 진정 수분 앰플 50ml+23ml 증정 기획,587.8946354199331,0.7525298401174111,203.84214995052173,0.762576806836143,136.26321462954508,0.809631628225351
PRD_0103,11,에센스/세럼/앰플,[모공에센스] VT 리들샷 100 에센스 50ml (+리들샷 300 1ml*3ea기획 / 단품),16.133623114271572,0.6235838529318032,6.045596427340088,0.6703363848911357,5.820780458388339,0.7775568947553589
PRD_0104,990,로션,[시카보다 4배*강한] 한율 어린쑥 수분진정 플루이드 125ml,835.5102032046755,0.8380934537936267,311.38941102322894,0.8178545774243262,251.10038577209548,0.8773386708579761
PRD_0107,13,로션,[민감진정] 라운드랩 소나무 진정 시카 로션 250ml,27.592658446616607,0.7998846868967222,5.647648364961362,0.7456443893876633,2.7596931884220277,0.763143790783587
PRD_0108,320,스킨/토너,[민감진정] 라운드랩 소나무 진정 시카 토너 250ml,331.752515813022,0.7950218521334458,103.07265132397656,0.7813508702124567,69.17483286300137,0.8352318486829517
PRD_0109,25,에센스/세럼/앰플,몰바니 율피 포어 타이트닝 세럼 50ml,28.18735379773994,0.7909264923448606,7.873828866138953,0.7360887573403674,5.938817336121106,0.8394131824354701
PRD_0110,449,에센스/세럼/앰플,[수분광채] 넘버즈인 6번 푹잠 마스크팩 세럼 80ml 기획(+4번 SOS 얼음장팩),435.2490538348375,0.7934977209140769,168.66885774584006,0.7584081813715007,116.08208841932252,0.8214415691140036
PRD_0111,175,에센스/세럼/앰플,[화해어워드 1위/모공앰플] 닥터오라클 레티노타이트닝 비타민A 레티놀 앰플 50ml,191.4347210877596,0.6906094780614273,71.35397371854958,0.7090451466670834,51.21130519369085,0.7887236618084972
PRD_0112,108,크림,피지오겔 레드수딩 시카밸런스 크림 80ml 대용량,105.54353484416512,0.7896737618347228,33.225770425488896,0.8139914544902028,18.23069473034599,0.8601784001498706
PRD_0113,42,에센스/세럼/앰플,더랩바이블랑두 엑스퍼트루 모공탄력 세럼 30ml,51.07139278742592,0.8501045728237842,11.246248566288267,0.8009193579142787,9.682358646285817,0.8819596631601108
PRD_0114,17,에센스/세럼/앰플,[피부진정] 조선미녀 산들녹차세럼 30ml,11.972447178775152,0.7023673426390851,4.179077577422431,0.742615693288339,5.848475243802416,0.8711557774126918
PRD_0116,49,에센스/세럼/앰플,조선미녀 인삼스네일세럼 30ml,63.12693728270053,0.7352891012759158,26.27113207314049,0.7167454033117692,23.601930644158983,0.8021052844355652
PRD_0117,705,에센스/세럼/앰플,에스트라 리제덤365 모공탄력 캡슐세럼 30ml,585.8273148474512,0.7720064612819683,246.2454241415974,0.7600524708117516,172.92726101095133,0.841994702399437
PRD_0118,3916,에센스/세럼/앰플,[1위 속보습세럼/단독기획] 토리든 다이브인 저분자 히알루론산 세럼 50ml 리필기획(+리필팩 50ml),4546.213286706066,0.7874441296678273,1406.4450481060624,0.7716275784134662,802.3416651878708,0.8118751540365544
PRD_0119,258,에센스/세럼/앰플,파티온 노스카나인 트러블 흔적앰플 15ml,244.76859309999628,0.7170574380755192,79.81363312854995,0.715629230342001,47.41777377145379,0.7811336456925007
PRD_0120,2012,스킨/토너,[속보습루틴] 더랩바이블랑두 저분자 히알루론산 딥 토너 200ml + 50ml 기획,1510.4156749877486,0.8227729239506875,668.2933854831762,0.8125839574441828,506.2909395290752,0.8727031075244923
PRD_0121,215,크림,헤라 하이드로 리플렉팅 마이크로 크림 50ml,176.90115838995996,0.821390263838769,62.41096500222198,0.8021609400996521,50.687876607818055,0.8659628927583269
PRD_0122,85,로션,헤라 하이드로 리플렉팅 플루이드 140ml,67.4974769544469,0.8424359018652907,25.614436479104427,0.8557579169536842,22.888086566448667,0.8937554561394228
PRD_0123,10,에센스/세럼/앰플,더랩바이블랑두 엑스퍼트루 모공탄력 세럼 30ml 기획 (+샤셰 4매 증정),17.804668326429464,0.837273657524258,2.1219519701162968,0.7658635975325571,1.073379703454239,0.8367211125841991
PRD_0124,75,크림,[모공탄력] 마몽드 포어 슈링커 바쿠치올 크림 60ml 기획/단품,89.76432525077142,0.6909156805430705,25.57574925374059,0.7295168002581061,13.659925495487975,0.7828100411272054
PRD_0125,624,에센스/세럼/앰플,[1등세럼] 토리든 다이브인 저분자 히알루론산 세럼 50ml 기획(+멀티패드 10매),712.3405513129112,0.7743794609631788,199.93443056103092,0.7750176169789834,120.7250181260579,0.8069248001600774
PRD_0126,107,에센스/세럼/앰플,어퓨 마데카소사이드 테트라좀시카 앰플 50ml,69.89445332046925,0.7520206916994553,38.62869101238215,0.8111011196543544,28.476855667148595,0.8453576781763777
PRD_0128,10,크림,어퓨 마데카소사이드 테트라좀시카 크림 120ml,12.06422815790722,0.719472727631463,3.796322413554407,0.6236935651318286,1.1394494285383725,0.6104982069201123
PRD_0129,1344,에센스/세럼/앰플,[속보습+피부장벽+트러블케어] 스킨푸드 로열허니 프로폴리스 인리치 에센스 리필기획(50ml+50ml),1377.2177355764388,0.8120266410457703,534.9070155805725,0.8079211101992034,300.87524884298864,0.8493881188069461
PRD_0130,9,에센스/세럼/앰플,[잡티앰플/대용량]센텔리안24 엑스퍼트 마데카 멜라 캡처 앰플 맥스 45ml,12.984734089452727,0.7828647609771687,3.271509657394824,0.7358540174007863,3.7437562531524486,0.8355882304631435
PRD_0131,386,크림,[단독기획] 파티온 노스카나인 트러블 흔적 리페어 크림 50ml 기획(+5ml+흔적앰플 1ml*3ea),327.4086641324552,0.7402901210676495,124.78745716470384,0.7478983656826766,82.80387870284089,0.8179235288145668
PRD_0132,10,에센스/세럼/앰플,[2주모공탄력] 아비브 부활초 비피다 세럼 퍼밍 드롭 50ml,11.06374600788874,0.856001864924429,3.675443322662544,0.6902866628663271,1.2608106694487138,0.7338294063716914
PRD_0133,165,에센스/세럼/앰플,[모공케어] VT 리들샷 700 에센스 30ml,117.56262089061306,0.6883014557399305,62.74991153678606,0.7146818802888202,43.68746757260087,0.8202324256154889
PRD_0135,334,스킨/토너,[NCT 재민PICK] 이즈앤트리 초저분자 히아루론산 토너 300ml,237.20286021707705,0.8258546371548545,117.8374506868517,0.8457026506908617,87.95968909607126,0.8897528061756257
PRD_0137,1733,로션,[지성피부/유분케어] 라운드랩 포 맨 1025 독도 올인원 젤로션 200ml,1075.3492540821649,0.8407875620778983,630.9018300522782,0.84640194686157,473.748915865557,0.8953420909010192
PRD_0139,624,에센스/세럼/앰플,[채서안PICK/화잘먹세럼] 아비브 부활초 비피다 세럼 퍼밍 드롭 50ml 기획 (+30ml 추가 증정),711.0906354084527,0.7519894947645432,216.6147798687488,0.7400685915183824,141.29458472279853,0.8011361162902234
PRD_0140,604,크림,[올영 어워즈 1등 크림]에스트라 아토베리어365 크림 80ml,679.5748513192915,0.7497799328089286,199.2445272537146,0.7471310897950572,130.1806214269938,0.8077925561279116
PRD_0141,4519,로션,[4월 올영픽] 에스트라 아토베리어365 로션 150ml,3555.3490108113647,0.8225675864487696,1387.1881366160885,0.812840751392492,1098.4628525725466,0.8776958401764922
PRD_0142,17,크림,[쿨링진정] 아비브 어성초 크림 카밍 튜브 75ml,13.810997204331,0.7054453295852432,4.195392599614125,0.7349676054540233,2.993610196054872,0.7847428210937644
PRD_0143,747,스킨/토너,[속보습] 닥터지 더모이스처 배리어 D 리퀴드 토너 200ml 기획 (+100ml),621.2508890436413,0.8443329550389809,259.5740572989243,0.839449875375936,197.1750536574344,0.8822698238642265
PRD_0144,840,스킨/토너,[민감진정] 라운드랩 포 맨 소나무 진정 시카 토너 200ml,644.2634126184699,0.8046446867841217,343.05181820219093,0.817401575602497,213.68476917933924,0.8672843789581677
PRD_0145,855,로션,[민감진정/화해1위] 라운드랩 포 맨 소나무 진정 시카 로션 200ml,702.6453955232764,0.8160633702401542,326.2042072140266,0.8221975509141577,194.15039726269697,0.8676575005779739
PRD_0146,2,크림,[당근크림] 스킨푸드 캐롯 카로틴 릴리프 크림 70ml,0.6749360055802258,0.6499077114569749,1.143559151904914,0.6469132665471083,0.1815048425148602,0.6491303325703194
PRD_0147,139,스킨/토너,[속보습루틴] 더랩바이블랑두 저분자 히알루론산 딥 토너 리필캔 238ml,112.85093786021451,0.8275351780220993,53.22217158891696,0.8165309924768951,33.926890550868535,0.870251653476334
PRD_0148,1,크림,[속보습] 마녀공장 판테토인 크림 80ml,0.4214661284502917,0.6690399938923266,1.3735897779873394,0.5666436324002996,0.2049440935623691,0.6815829641200059
PRD_0149,564,스킨/토너,[속보습] 마녀공장 판테토인 에센스 토너 200ml,471.4884599512318,0.8316602433316792,181.6885693723358,0.8221219448846889,133.82297067643245,0.8769912954842567
PRD_0150,331,스킨/토너,[리필/1등 속보습] 라네즈 크림스킨 170ml 리필,244.4748091904675,0.8400992425051862,123.09382565089832,0.8289200529921588,86.43136515863415,0.8743751511320776
PRD_0151,883,크림,[진짜장벽회복크림] 리얼베리어 익스트림 크림 70ml 기획 (+30ml),1707.2423474451448,0.7806158334806858,344.24840922984964,0.7840144611183623,190.50924332500577,0.805553519295882
PRD_0152,168,에센스/세럼/앰플,[10분진정앰플] 차앤박 뮤제너 피토 수딩 앰플 35ml 1+1 기획,177.20058849160267,0.7461126430413728,68.16831592454267,0.6580780287233299,33.63109558385467,0.7699377212853012
PRD_0153,137,스킨/토너,리얼베리어 익스트림 에센스 토너 라이트 300ml 기획 (+라이트 크림 25ml),101.71303318752284,0.8283035627321165,43.84230338146792,0.8499913338274205,33.444663431009246,0.9000634520741083
PRD_0154,368,크림,[조슈아PICK/화잘먹] 리얼베리어 익스트림 크림 라이트 70ml 기획 (+30ml),642.6232654529283,0.7930833711411334,132.84813871548903,0.7591111412513959,79.5285958315827,0.8224170968949012
PRD_0155,53,에센스/세럼/앰플,[모공케어] VT 마일드 리들샷 50 에센스 50ml,38.13271104527596,0.6947696119969103,12.790319388631548,0.7699927382031826,13.076969566092489,0.8649632498546459
PRD_0156,69,에센스/세럼/앰플,[모공스팟케어] VT 리들샷 1000 에센스 15ml,45.54613211834567,0.7105726534986788,25.667729358885143,0.7310681974503681,18.786138522769203,0.8193131322686745
PRD_0157,285,에센스/세럼/앰플,[화해1위/트러블] 웰라쥬 리얼 시카 카밍 95 트러블 앰플 50ml,292.90608804385306,0.6943724984138622,94.17091304596408,0.7184948988396564,58.922998910182834,0.7672472379944575
PRD_0158,136,에센스/세럼/앰플,[수분보습] 디오디너리 히알루로닉 애시드 2% + B5 30ml,198.25624974391104,0.6711887555328528,47.38469031504352,0.6702164970613458,27.35905994104543,0.7293813243005474
PRD_0159,2154,에센스/세럼/앰플,[수분보습] 디오디너리 히알루로닉 애시드 2% + B5 60ml,1576.3566738180757,0.7607171422132589,812.300724119437,0.788995807761149,612.3426020624875,0.8597661011199482
PRD_0161,50,크림,[수딩진정] 넘버즈인 1번 판토텐산 액티브 수딩크림 80ml 기획 (+패드 6매),66.82154038078122,0.7748186449925311,12.489975905679932,0.7017016696687328,8.688483713538856,0.7853664600414805
PRD_0163,515,에센스/세럼/앰플,[수분잠금] 빌리프 슈퍼 드랍스 멀티7 히알루론세럼 30ml 1+1 기획,602.9995198299868,0.7894867642409846,195.8123928806511,0.7507246480553684,112.1880872893622,0.8129849584001733
PRD_0164,29,에센스/세럼/앰플,[미백집중] VT 비타-라이트 리들샷 100 에센스 50ml,21.537425212067525,0.5706710621576008,10.74996185051715,0.6164084527155529,9.71261293741532,0.8399230340617251
PRD_0165,27,에센스/세럼/앰플,[모공집중] VT 레티-에이 리들샷 100 에센스 50ml,23.579511755624942,0.6945906628040602,8.125110626820831,0.7933679552945457,6.295377617554222,0.8205878212274412
PRD_0166,341,에센스/세럼/앰플,[고강도탄력] 디오디너리 레티날 0.2% 에멀전 15ml,263.9632249529039,0.6743175106659635,131.72046070492917,0.7395293987731493,98.31631434216696,0.8180533180157187
PRD_0168,502,에센스/세럼/앰플,차앤박(CNP) 프로폴리스 액티브 앰플 더블기획(15ml+15ml),312.02961942040463,0.8293074891365508,251.19228954928576,0.8166112979580294,127.7780910303096,0.8600728369353728
PRD_0169,5146,에센스/세럼/앰플,[속보습] 코스알엑스 더 6 펩타이드 스킨 부스터 세럼 150ml 기획 (+30mL),5571.046484703549,0.8003772371306908,1784.3073940335662,0.7921095491623308,1220.646121262884,0.8357530753058505
PRD_0170,13,크림,[미백/잡티] 라운드랩 비타 나이아신 잡티크림 50ml,9.415258422237752,0.7929174126744708,3.939368173140647,0.8250911142466123,1.645373404621601,0.8070013435688189
PRD_0171,10,에센스/세럼/앰플,[수딩진정] 넘버즈인 1번 판토텐산 액티브업 수딩세럼 50ml,8.502374373378073,0.8042526714800449,1.304580013893011,0.7534668238220454,3.1930456127289157,0.8972708037877404
PRD_0172,159,에센스/세럼/앰플,[피부장벽강화] 숨37 시크릿 에센스 기획 (30ml/45ml/50ml/80ml 기획),170.0853548316877,0.7690439046667656,72.31766480302272,0.7633433891840534,37.59698036528957,0.8138394669462684
PRD_0173,11,에센스/세럼/앰플,[지함보 한정기획] 설화수 윤조에센스 90ml 단품/기획,13.9686116339229,0.8296874809381453,12.87246668768472,0.7988617370047789,4.158921678392382,0.8185017805243229
PRD_0174,1332,에센스/세럼/앰플,숨37 시크릿 에센스 80ml 기획 (+세럼10ml+크림10ml+아이크림10ml+폼40ml),927.2211434547078,0.8094294521113757,648.8066163028891,0.8179646548926538,375.9722402424032,0.8609406468387241
PRD_0175,101,에센스/세럼/앰플,AHC 콜라 쥬비네이션 리프트4 트리트먼트 에센스 130ml,84.9674214102746,0.8079991107339884,36.66901702471915,0.8143693753090218,32.36356156500622,0.8807596219612713
PRD_0176,57,로션,AHC 콜라 쥬비네이션 리프트4 트리트먼트 에멀젼 100ml,33.29561276945337,0.8285300165041649,17.318008143348518,0.8286594139536865,14.386379087198106,0.8811670580594655
PRD_0177,214,스킨/토너,[1+1] 유세린 더모퓨리파이어 토너 더블 기획 (200ml+200ml),142.73228883068828,0.7967701273509252,80.2374348473533,0.8013291278291701,63.030276321958446,0.8621876307371126
PRD_0178,644,에센스/세럼/앰플,[1등/단품] 메디힐 마데카소사이드 흔적 리페어 세럼 40ml,746.6602871282145,0.6756560874811103,224.0960106631271,0.6990711130547327,140.24370220865845,0.757256344958859
PRD_0179,1473,에센스/세럼/앰플,메디힐 티트리 진정 수분 세럼 40ml,1504.592056670485,0.7216512672084022,471.724991807874,0.7218700581111254,310.6829515216415,0.7855979573862634
PRD_0180,127,에센스/세럼/앰플,[속보습케어] 스킨앤랩 베리어덤 링거 앰플70ml,97.68715280796232,0.8301915443696652,39.87068715689242,0.8329868317389977,33.44216003514525,0.8863681226974975
PRD_0181,58,에센스/세럼/앰플,[2주잡티개선] 비욘드 엔젤아쿠아 비타 C 7% 잡티 앰플 30ml (비건),47.92201796573795,0.6892220312687473,16.29843979684939,0.7397711776197039,16.779542237412656,0.840889847765416
PRD_0182,635,에센스/세럼/앰플,[반쪽모공/리필기획] 한율 보들은행잎 모공핏 세럼 기획 40ml 기획,581.8772620241359,0.6856333696199169,219.77936288901208,0.7611809210869762,147.34337508685206,0.8144202077643917
PRD_0184,2472,스킨/토너,토리든 다이브인 포맨 저분자 히알루론산 스킨 300ml,1837.3663457674731,0.8367548243730057,795.9941728863578,0.8387048201201466,617.6394813461687,0.8849675206754954
PRD_0185,17,에센스/세럼/앰플,에스트라 아토베리어365 하이드로 에센스 200ml (AD),18.59125651590908,0.7945137320011522,7.831222568718596,0.8328991815501452,3.577520915372329,0.8649222101093782
PRD_0186,102,스킨/토너,[매끈결] 아비브 부활초 파하 토너 스킨부스터 200ml 기획 (+30ml),113.15662702738092,0.8013586332751703,35.37643556899147,0.8083747923731116,19.466937403627615,0.813486057912881
PRD_0187,11,에센스/세럼/앰플,[급속진정/단독기획] 비플레인 시카테롤 앰플 30ml 기획(+15ml+패드10매),12.41412720548509,0.7642672009858608,4.497133617679063,0.7306325893062213,2.0887391768358445,0.7572252589663814
PRD_0188,11,크림,제나벨 PDRN 리쥬비네이팅 크림 70ml,11.574814752299815,0.7927751503205281,7.108491078908682,0.8499123001743112,4.316694168791501,0.8458127613893683
PRD_0189,461,로션,토리든 다이브인 포맨 저분자 히알루론산 올인원 200g 단품/기획 (+올인원 20g),370.2897992556241,0.8507541611827109,142.66897386571264,0.837929209134449,89.0412268786632,0.8781628383861209
PRD_0190,3663,에센스/세럼/앰플,[수분진정] 넘버즈인 1번 판토텐산 액티브업 수딩세럼 50ml 리필기획 (50ml+50ml),4220.972460686324,0.7397625561885347,1171.1999096860632,0.7253203058436976,712.8276296276122,0.7787058709449262
PRD_0191,491,에센스/세럼/앰플,[트러블흔적] 넘버즈인 1번 판토텐산 액티브업 드레싱 파우더,594.5310821387629,0.621185409656934,147.18784051513603,0.6429738970869433,97.28107734610094,0.7140165106615427
PRD_0192,232,에센스/세럼/앰플,[단독기획] 파티온 노스카나인 트러블 흔적 앰플 30ml 기획 (+트러블 세럼 15ml),283.28366257274945,0.6381316425033129,86.87605276375488,0.6319524173598572,42.84028466349567,0.6921089176669882
PRD_0193,656,미스트/오일,[슬로우에이징/청담샵Pick] 아이다 글루타치온 브라이트닝 앰플 미스트 60ml,575.4729588661594,0.7431696355961915,247.88261637832505,0.7343254805310141,155.64442475551562,0.8125344069419523
PRD_0194,476,미스트/오일,유이크 바이옴 베리어 크림 미스트 100ml,608.5619098713314,0.7106603667378629,204.14803768877923,0.7260668586773447,94.29005243988924,0.7734924810240537
PRD_0195,80,에센스/세럼/앰플,메디힐 마데카소사이드 모공 리페어 스피큘 세럼 40ml,83.65606550902316,0.6690637072186304,27.35525032688697,0.710716733044591,21.988684164089864,0.8072208431268624
PRD_0196,48,에센스/세럼/앰플,바이오던스 하이드로 세라놀 앰플 30ml,36.07884406842182,0.744463376562854,14.8536468181169,0.7637296135033816,14.067509113461275,0.8710107724115081
PRD_0197,30,에센스/세럼/앰플,[리들샷 꿀조합] VT 티엑스토닝 에센스 2000샷 30ml,33.336402485006985,0.6910238903970234,13.112806562690274,0.7679611169168525,6.550790952302736,0.7369740254591781
PRD_0198,749,에센스/세럼/앰플,[모공흡수] VT 리들샷 300 에센스 30ml 기획 (+리들샷 300 파우치 1ml*3ea),738.527767770234,0.6827273636991957,291.2669315272201,0.7420922670773196,203.20530070254583,0.8125624787416964
PRD_0199,49,크림,[단독기획/PDRN] 파티온 노스카나인 트러블 모공탄력 크림 45ml 기획(+15ml),37.82851947783913,0.7375706176579598,15.176534885677098,0.796874248939473,12.994945636483768,0.8792196130094088
PRD_0200,14,에센스/세럼/앰플,[수분앰플] 에스트라 아토베리어365 세라-히알 속수분 앰플 30ml,24.86404597320009,0.7499931763945932,2.820247990532772,0.6705352720735932,1.315706036267136,0.6672724793316404
PRD_0201,10,에센스/세럼/앰플,[모공결세럼]더페이스샵 올티밋 나이아신아마이드 10% 세럼 30ml,13.279941109183117,0.7210650037288819,6.806394091511914,0.8337885138842513,1.913664799304969,0.743467543165697
PRD_0202,4,크림,[수분진정]더페이스샵 올티밋 히알루로닉 스쿠알란 1% 크림 50ml,9.885817774191391,0.7778408609403019,3.362448508172544,0.7171587447015575,1.751733717636062,0.7905046175791137
PRD_0204,3236,에센스/세럼/앰플,[슈브데 한정 증정/장도연 PICK] 메디힐 마데카소사이드 흔적 리페어 세럼 40+40ml (+랩핑마스크 1매 증정),2674.5329940872048,0.762766380429359,1305.204726685606,0.7907942522739031,749.2622792271893,0.8398478385071466
PRD_0205,3205,에센스/세럼/앰플,[속보습]코스알엑스 더 6 펩타이드 스킨 부스터 세럼 더블기획,4138.456039386407,0.781245032199837,1164.8238561041087,0.7597920216742647,674.7201045094853,0.8011805734772258
PRD_0206,862,에센스/세럼/앰플,[화잘먹세럼] 아비브 부활초 비피다 세럼 퍼밍 드롭 50ml 더블 기획,909.7737488580624,0.7662232938281197,303.3701386165411,0.760759307043098,202.8561125253964,0.8200317341983847
PRD_0207,2,크림,[리아킴PICK] NDP 엔디피 시카 바이오 플라센타 수분진정 크림 50ml,1.8693150918239985,0.6276670788070519,1.4622693293264035,0.705354258177645,1.668415578849599,0.7452577011773607
PRD_0208,10,에센스/세럼/앰플,[기미잡티 에센스/대용량]LBB 골드렐라 펩타이드 28 안티 멜라닌 에센스 150ml,17.601082340153912,0.8129339720110422,2.9672772671541767,0.7663728552038945,3.431640392691915,0.8190518668857073
PRD_0209,16,크림,[기미잡티 크림]LBB 골드렐라 펩타이드 28 안티 멜라닌 마스크 크림 100ml,17.02337202891869,0.8047520222508876,3.9890465319856463,0.783649767674794,2.987581439095665,0.7942969312757749
PRD_0210,263,크림,에센허브 티트리 수딩 인 카밍 크림 80ml 기획(+크림 30ml),239.9638763726863,0.7963874776280359,88.40262524802162,0.7863753493260743,62.63349837929208,0.8499326402281309
PRD_0211,576,스킨/토너,[각질쓱삭/피지케어] 비플레인 녹두 모공 클리어링 라하 토너 265ml,479.0771197242316,0.777832591284644,182.63652718379163,0.7905636344247206,139.28635309197682,0.8582338038847275
PRD_0212,17,크림,[100시간보습] 비플레인 시카테롤 캡슐 베리어 크림 50ml,21.84887712224029,0.6811414049860524,6.678627992889354,0.744317065991123,4.47249488487036,0.8173653872940483
PRD_0213,496,스킨/토너,[수분진정/화해1위 토너] 에스네이처 아쿠아 오아시스 토너 300ml 기획 (+젤크림 30ml),614.7940718640444,0.7888929980680213,164.89710655746595,0.7757205753095439,89.3088215784896,0.8012188736156851
PRD_0214,311,에센스/세럼/앰플,[쫀득물착앰플] 스킨푸드 블루 캐모마일 히알루로닉 앰플 50ml,246.71798313014017,0.8179614897660548,104.137500980473,0.8141788948400964,57.1445158893868,0.8545519325104483
PRD_0216,1548,에센스/세럼/앰플,[올영단독] 스킨앤랩 베리어덤 링거 앰플70ml(+70ml) 더블기획,3241.2808189973634,0.8426522217339995,623.2210753618017,0.8070117339485685,341.49810564083486,0.8375803705687395
PRD_0217,8,크림,연작 카밍 앤 컴포팅 크림 60ml,8.719486862578552,0.8264120076612078,2.7449887755529936,0.6675451578476645,2.535524361868455,0.9125825480556952
PRD_0218,58,에센스/세럼/앰플,바이오던스 스킨 글로우 바이탈 앰플 30ml,38.25794659211133,0.7934073274648316,21.47676296726134,0.7981025467905405,23.265290440627336,0.904505390670946
PRD_0219,61,스킨/토너,바이오던스 퍼스트 시너지 토너 150ml,40.17993561089445,0.7857506883980232,19.898748567429763,0.828796713569932,15.921315821675792,0.8668769682719578
PRD_0220,422,미스트/오일,케어놀로지 리블루 나이트 페이셜 오일 50ml,324.811327431994,0.8039951191063847,126.90320848551328,0.8147983704873203,94.28546408249277,0.8548696049788761
PRD_0221,296,에센스/세럼/앰플,케어놀로지 리블루 리제너레이팅 세럼 50ml,213.89427379444655,0.8346927411048328,113.82042390904638,0.7973357017652575,78.28530229650706,0.8680450515777817
PRD_0222,6,미스트/오일,케어놀로지 리블루 밸런싱 크림 인 미스트 120ml,5.825734093718628,0.7475135894311924,3.460328486275792,0.6846234286675327,1.71393742000558,0.6965101581281427
PRD_0223,12,크림,[10층탄력] 라운드랩 동백 딥 콜라겐 탄력 크림 50ml 기획 (+10ml),14.039996013153877,0.7921757089595803,2.174441829809304,0.8361733516779406,1.7855621570368196,0.8396398966312804
PRD_0224,4,크림,[고현정 PICK] 코이 플로우 셀코드 크라이오 크림 50ml,4.172409541231377,0.9009188081696698,1.624262878080298,0.8914806241990324,0.2033275806883248,0.8402993178912185
PRD_0225,1,크림,[고현정 PICK 즉각탄력크림] 코이 플로우 리프팅 랩핑 크림 50ml,0.2211028324468388,0.325,0.7347027181716852,0.325,0.0441944493814757,0.325
PRD_0226,46,에센스/세럼/앰플,앰플엔 인탱글샷 콜라겐 앰플 30ml,37.34298204226375,0.730000345575406,20.24853074620106,0.6554169367543612,10.408487211535206,0.8126698017540898
PRD_0227,457,크림,[고현정 PICK] 코이 플로우 리프팅 랩핑 크림 50ml 기획 (+미니 크림 10ml 2ea),569.7978968113459,0.7578147466360116,225.1366900274001,0.731973519117916,105.06541316125396,0.7795086670823546
PRD_0229,1021,에센스/세럼/앰플,[EGF최대함량/1등진정앰플] 클레어스 블루 유스 액티베이팅 드롭 50ml,1359.8431517309875,0.6865571132248998,532.2016374179767,0.6676636998783743,255.9552108510357,0.7449219701904793
PRD_0230,2358,스킨/토너,[1등토너/리필] 라운드랩 1025 독도 토너 200ml 리필팩,1568.499210603436,0.8461590315824048,924.5721558743592,0.8336944997714968,614.9286335222046,0.8821549370932328
PRD_0231,6098,에센스/세럼/앰플,토리든 다이브인 저분자 히알루론산 세럼 50ml 리필팩,4922.726620937483,0.8234137165376023,1890.022630839114,0.8075245178595586,1327.2507482234028,0.8610042336010989
PRD_0232,17,크림,[안티에이징/밀착보습막] 셀퓨전씨 레이저 리쥬버네이션 크림 50ml 더블 기획,15.174220746838714,0.8143329976574446,7.722988991480342,0.8773975898547105,2.102790261680944,0.8140682938743509
PRD_0233,1456,에센스/세럼/앰플,[1등세럼/주름탄력개선]유세린 에피셀린 세럼 30ml,1216.3640311944296,0.752354007689561,584.2088513850467,0.7808333763357971,365.4271174205235,0.8352898090335363
PRD_0234,354,에센스/세럼/앰플,[NEW/매끈결광] 스킨푸드 블랙슈가 퍼펙트 첫세럼 더 에센셜 150ml,222.0322090288058,0.8022676782760002,139.2831507815397,0.8141203650786663,93.68464018965452,0.8652223758926942
PRD_0235,92,스킨/토너,[모공부스터] 마몽드 포어 슈링커 바쿠치올 레티놀 토너 200ml,68.7638393869998,0.7871404396283223,34.8296817744622,0.7828056360295792,27.406478838537996,0.8432412089150024
PRD_0237,708,에센스/세럼/앰플,[대용량+크림증정] 넘버즈인 1번 판토텐산 수딩세럼 80ml 기획 (+크림 15ml),767.9452219373568,0.7499042644228905,209.62589850675144,0.7421177316317563,141.42887955589168,0.7975992997659795
PRD_0238,59,에센스/세럼/앰플,[7일체감/모공개선] 아로셀 보툴케어 모공 앰플 30ml,36.933866089222455,0.728230197913128,20.281072401294644,0.7489595710689855,17.785061509482897,0.8654909144434257
PRD_0239,1625,에센스/세럼/앰플,[50%용량증정] 에스트라 아토베리어365 세라-히알 속수분 앰플 30ml 기획 (+15ml),1828.9317409693224,0.78194797682987,628.6995522324146,0.7149266905934931,337.3687067982635,0.8100529990408017
PRD_0240,1493,에센스/세럼/앰플,에스트라 에이시카365 흔적진정세럼 pH4.5 40ml,1095.4802582472164,0.7738629531578143,573.7219480578121,0.7888104614911557,373.79779369497146,0.8452357806641609
PRD_0241,76,에센스/세럼/앰플,[급속진정] 허스텔러 리틀 드롭스 카밍 데이즈 앰플 30ml,120.42489125070736,0.8081133431412023,29.625679103785224,0.7523279071180504,19.949429645507408,0.8099252359043129
PRD_0242,58,에센스/세럼/앰플,[모공축소] 리얼베리어 레티니올 모공 타이트닝 세럼 30ml 기획 (+10ml),53.691959446009925,0.8239487616066545,21.895007896002777,0.8466117322704384,14.413032657987294,0.8640960118585362
PRD_0243,9,스킨/토너,에르쯔틴 리제너레이티브 실트 토너 150ml,5.797544221850378,0.9040867167183444,4.856954058200735,0.8136843647480774,1.3455017199488888,0.8637036168369715
PRD_0244,150,크림,[흔적진정] 마몽드 카밍 샷 아줄렌 크림 60ml 단품/기획,188.92589335017203,0.7173340901972768,45.144856483092944,0.7238307848006361,28.929250166735,0.7756749724761258
PRD_0245,224,크림,[수분캐치/화잘먹크림] 구달 어성초 히알루론 수딩 크림 75ml 기획 (+20ml+랜덤 파우치키링),246.3832342914067,0.7596159982340762,81.9787504174976,0.7427376822211034,41.63801529109576,0.7892149387312928
PRD_0246,2965,에센스/세럼/앰플,[대용량/트러블1등] 파티온 노스카나인 트러블 세럼 50ml 리필 기획(+리필40ml+크림10ml),3813.0894460356576,0.8070094275863575,1189.0814502739745,0.7872126289388236,588.8291036903677,0.8217202747105823
PRD_0247,113,크림,[단독기획] 파티온 노스카나인 트러블 크림 45ml 기획(+20ml+세럼15ml),117.46853931211209,0.751370754425771,33.42044062407473,0.7577273062520354,22.11102006381318,0.8165788761596092
PRD_0248,297,에센스/세럼/앰플,[단독기획/대용량] 파티온 노스카나인 트러블 모공탄력 세럼 50ml 기획(+5ml+크림 5ml),321.78035502027905,0.660525262436428,108.61548638582371,0.6927135832712197,73.60415859389721,0.779921804010031
PRD_0250,940,에센스/세럼/앰플,[트러블1등/단독기획] 파티온 노스카나인 트러블 세럼 50ml 기획(+15ml+마스크 1매),965.6428093008856,0.7583140746329176,337.47721784223256,0.7493220252295326,188.87997285688175,0.8177731294347302
PRD_0251,980,에센스/세럼/앰플,[집중진정] 라운드랩 소나무 진정 시카 앰플 30ml 기획 (+토너 20ml),1107.273763155334,0.7370567221859571,388.85933250948665,0.7071938279008333,232.86690433517907,0.7893581845484338
PRD_0252,31,에센스/세럼/앰플,[광채/보습/기미/잡티] 네오젠 더블 비타 스팟 토닝 세럼 30ml,15.42922638368061,0.8844196536451221,8.536746289442522,0.8596665630345889,10.034027326876863,0.939822894275979
PRD_0253,192,미스트/오일,[수부지/안개분사] 한율 어린쑥 트러블 진정 미스트 120ml 리필 기획 (+어린쑥 미스트 120ml 리필),147.2116086653275,0.8077766687735738,55.21286977821465,0.8095802342981003,48.57552155645783,0.885099169507799
PRD_0254,1137,스킨/토너,[수분광] 마몽드 플로라 글로우 로즈 워터 토너 300ml,814.1323070752069,0.8235962286494493,436.79592056705246,0.8181798772316663,315.07177235774066,0.8638564397306547
PRD_0255,140,스킨/토너,[대용량/수분광] 마몽드 플로라 글로우 로즈 워터 토너 500ml,136.90899583535554,0.7890086223859626,54.55935769953925,0.7751613766482043,28.53164646510524,0.7914064441510171
PRD_0256,57,에센스/세럼/앰플,[기미잡티] LBB 골드렐라 펩타이드 28 안티 멜라닌 에센스 50ml,54.87156574561912,0.827112908346004,23.564559953366427,0.7207261579196892,17.563874301014444,0.822353859205547
PRD_0257,380,스킨/토너,[모공속광] 이니스프리 레티놀 그린티 PDRN 스킨부스터 토너 170ml 기획 (+50ml),287.14045392322765,0.7902615060412898,135.7305123425484,0.7992256614590302,97.12903373422392,0.8635055681516537
PRD_0258,6406,크림,[4월 올영픽][2025어워즈1위] 에스트라 아토베리어365 크림 80ml 기획 (+하이드로 에센스25ml+앰플7ml),7290.669082577901,0.757862033091327,2226.3341729032754,0.7467522184490392,1321.996744518824,0.8078596215237188
PRD_0259,3500,에센스/세럼/앰플,[4월 올영픽] 에스트라 아토베리어365 하이드로에센스 200ml (+크림 10ml+앰플 10ml),2970.3663549267926,0.8310439437977244,1036.4514774168058,0.8230072749939904,807.1821676564014,0.8758363926543206
PRD_0260,600,에센스/세럼/앰플,[4월 올영픽] 에스트라 에이시카365 흔적진정세럼 pH4.5 40ml 기획 (+세럼 20ml+크림 1ml),692.088382037527,0.7398312395467608,240.2180356176731,0.7023335371463753,126.69358234479988,0.7726607990319895
PRD_0261,3,크림,[수분충전템] 파티온 포도당 하이드로 크림 60ml 기획(+10ml),5.91954051804318,0.7483664684836567,0.8052515585321202,0.3440291839249745,1.275207923424701,0.8533044383912526
PRD_0262,107,스킨/토너,[속건조해결] 파티온 포도당 하이드로 에센스토너 300ml 더블 기획(2개입),85.23339779505255,0.8151865889098603,28.43994820201694,0.8473625809855008,23.3266540029305,0.8910812140042224
PRD_0263,125,에센스/세럼/앰플,[쿨링입문템/4계절쿨링] 셀퓨전씨 포스트 알파 쿨링 스킨 부스터 세럼 150ml+30ml 기획세트,134.82485364305495,0.7512692398728641,39.25171970824248,0.7277758778670443,24.92342664870259,0.7922906548061268
PRD_0264,15,크림,[아이스쿨링캡슐/쿨링수분크림] 셀퓨전씨 포스트 알파 쿨링 젤 크림 50ml+20ml 기획세트,19.216857449218654,0.7184879849406379,3.890681118559244,0.7471557273819851,1.892461432222096,0.7646210249254687
PRD_0265,125,크림,[단품/비타 생기] 달바 비타 토닝 캡슐 크림 55g,126.11218793021956,0.8207673315472995,45.96151588892621,0.7558351490252476,27.92629618085423,0.8335929067675576
PRD_0266,155,크림,[미백/잡티케어] 달바 비타 토닝 캡슐 크림 55g 기획,157.23299324966874,0.7944119832866121,66.12778962511585,0.757833437332166,37.6392171252154,0.8243596600165608
PRD_0267,158,에센스/세럼/앰플,[윤빛광채] 설화수 윤조에센스 30ml 기획(+에센스4ml+탄력크림5ml+클렌징폼50ml),112.81051189680424,0.797178048457109,127.74984629594618,0.8295829591279442,37.4396418072496,0.8274248394120225
PRD_0268,3858,스킨/토너,토니모리 원더 세라마이드 모찌 토너 500ml 기획 (+100ml +크림 30ml),3000.006008949318,0.833570152216773,1657.0893277581715,0.8352614533714992,956.90466329251,0.865995113655021
PRD_0269,499,에센스/세럼/앰플,[수분진정/쫀냐미한정] 닥터지 레드 블레미쉬 클리어 히알 시카 수딩 세럼 50ml 1+1 기획(+세안밴드 증정),564.0778027413485,0.7635607660234025,172.15812028214785,0.7562578997264828,104.76407697650374,0.8097713942091994
PRD_0270,1163,에센스/세럼/앰플,[증정기획/수분진정] 닥터지 레드 블레미쉬 클리어 히알 시카 수딩 세럼 50ml 3종 (단품/20ml 증정/리필기획),1106.26265863663,0.787362183640952,377.9784732608928,0.7871086970010549,263.7588681024771,0.8496626639009013
PRD_0271,11,에센스/세럼/앰플,[티아미돌세럼/광채홈케어] 유세린 이븐래디언스 일루미네이팅 세럼 30ml 기획 (+나이트크림 7ml+마스크팩1매),16.02183057914147,0.6047904042921904,4.215789057082793,0.5247024664383538,2.762380363775741,0.5488686105669695
PRD_0272,4547,크림,[정품용량 키트 선착순 증정/화잘먹크림] 빌리프 아쿠아 밤 프로즌 크림 50ml 기획 (3종 중 택 1),8060.740809624572,0.8162869356585212,2818.363616916696,0.7115515545234498,1172.895573458733,0.8019677481020879
PRD_0273,1,크림,숨37 워터풀 젤크림 기획 30ml 헬리녹스 콜라보 기획,0.5592716257795388,0.8,0.379962646836724,0.8,0.0607657273837372,0.8
PRD_0274,333,에센스/세럼/앰플,[티아미돌세럼/광채홈케어] 유세린 이븐래디언스 일루미네이팅 세럼 30ml,276.4394641184736,0.7439931158659605,129.57898230215045,0.7657044711783413,83.981553579376,0.8168957790150551
PRD_0276,181,크림,[보습장벽크림] 코스알엑스 더 세라마이드 스킨 베리어 모이스처라이저 80ml,211.709777042008,0.8155460794712237,52.63037696959471,0.7947813065729433,28.65984598839731,0.8266240446708647
PRD_0277,11601,에센스/세럼/앰플,더마팩토리 나이아신아마이드 20% 세럼 30ml,8200.939889139334,0.747077863071393,4859.496826821507,0.8004144748985308,3012.5632840391586,0.8470086641549809
PRD_0278,88,에센스/세럼/앰플,[모공케어/피부결] 닥터지 바쿠치올 포어젯 세럼 30ml 기획 (+포어젯 스피큘 패드 2매 증정),54.81222574421882,0.7758659060857936,27.92169909192628,0.7740455258810703,22.266075163854893,0.881921717107686
PRD_0279,278,에센스/세럼/앰플,[1+1/유리알속광] 차앤박 프로폴리스 에너지 액티브 앰플 30ml 더블기획(2개입),363.70299306614857,0.7957354942907444,129.0339368426061,0.7466087452268267,63.26307009124531,0.8023952648993635
PRD_0280,3093,에센스/세럼/앰플,[지함보 한정기획] 설화수 윤조에센스 단품/기획 (30ml~90ml),1423.388139676455,0.8362646369666764,1760.988679056962,0.8429129329125872,941.6231812665832,0.8843769117179442
PRD_0281,14,에센스/세럼/앰플,[NEW] 리엔케이 하이퍼 히알 플럼핑 앰플 100ml,14.27589701644481,0.8676724928205859,5.985553489512236,0.7624005246734167,4.738549494042954,0.8176523858040948
PRD_0283,1329,스킨/토너,이니스프리 그린티 스킨 포맨 150ml,970.2896458772784,0.8451961604397703,428.05578003666426,0.835765583691073,322.6545740860573,0.8862092671805246
PRD_0284,21,크림,[장벽개선/쫀쫀크림] 아떼 포스트 레이저 리페어 크림 50ml,18.51410021929036,0.7293868750502067,7.994722351373266,0.7887979234039932,5.491177429336378,0.791424037634465
PRD_0285,32,에센스/세럼/앰플,[미백&주름개선] NEW 닥터자르트 브라이타민 브라이트닝 세럼 앰플,27.11025256367673,0.6987815335227543,14.839417906619772,0.6907527569273444,10.050329529703497,0.7779212645034124
PRD_0286,19,크림,[스티치에디션/화잘먹크림] 구달 어성초 히알루론 수딩 크림 75ml 리필 기획 (+75ml 리필+미니백),25.09460906560875,0.7708616997095908,5.58234125553073,0.6712684131183021,3.3230496788605186,0.8532406233414397
PRD_0287,308,에센스/세럼/앰플,네이처리퍼블릭 비타페어C PDRN 광채 세럼 30ml,199.4672882200749,0.8045241500094786,110.41451609895128,0.8423426152282412,103.1181956809738,0.889234530625656
PRD_0288,88,에센스/세럼/앰플,[미백앰플] 아떼 멜레이저 프로그래밍 앰플 10ml 5+1,73.34166030678065,0.7663551986062779,39.53199498046276,0.8080052482731619,22.126344712756584,0.8371032501694379
PRD_0289,225,에센스/세럼/앰플,[NMN 5%] 아떼 포어셀 프로그래밍 앰플 10ml 5+1,306.7943122404482,0.7974803318920095,86.77590980716651,0.7205238212627586,49.42977795238523,0.822924284590683
PRD_0290,30,크림,아비브 글루타치온좀 잡티 크림 비타 튜브 75ml,17.33286259865612,0.7348366335856346,10.373435497570854,0.8309699460937772,11.293701903773025,0.9029135598861768
PRD_0291,3199,에센스/세럼/앰플,더마팩토리 EGF 앰플 30ml,2166.1874160682464,0.7888445818489698,1449.3387765466678,0.7869888268636636,920.4738073850858,0.8587171566709975
PRD_0292,159,스킨/토너,토리든 밸런스풀 시카 각질 토너 250ml,120.91438402162812,0.7640300978416948,46.99468165776173,0.8066623234983652,46.090934320610174,0.8870209705344648
PRD_0293,150,크림,토리든 솔리드인 세라마이드 크림 70ml,143.60455627535526,0.8238966477524715,37.86559241075835,0.8269897914398517,20.52985131388639,0.8555231213494311
PRD_0294,1483,스킨/토너,토리든 다이브인 저분자 히알루론산 스킨 부스터 200ml,1233.837209042925,0.8297707310325756,404.2822258231597,0.8136703630127048,356.8805651339153,0.8789736176752402
PRD_0297,12,에센스/세럼/앰플,[스네일레티놀1%/리프팅] 닥터지 블랙스네일 레티놀 콜라겐 세럼 인텐스 30ml,14.579204801097148,0.7480305724395856,4.780846651744212,0.7855944336173402,3.639948547158641,0.8413505761829557
PRD_0298,10,스킨/토너,[수분진정/약산성] 디퍼 히알루론산 히알큐브 수분 토너 300ml,7.208133828158017,0.901680482042988,4.305458682309416,0.9358550138936134,3.486407489532568,0.9719980611616336
PRD_0299,85,에센스/세럼/앰플,[수분광채/화잘먹세럼] 디퍼 히알루론산 히알큐브 세콜지 수분 세럼 50ml,78.7813968207954,0.8094836317124925,22.19099455366633,0.7928237312184698,20.027608625538253,0.8617589504305332
PRD_0300,4810,에센스/세럼/앰플,[모공에센스] VT 리들샷 100 에센스 50ml 기획 (+리들샷300 1ml*3개+PDRN에센스 1.5ml*3ea),6087.836842029146,0.7419095060541905,1786.9222589299634,0.7494685027709972,1117.2408990408908,0.8009365639994893
PRD_0301,16,로션,[NEW] 아이오페 XMD 스템3 클리니컬 리커버리 에멀전 130ml,9.964245808794944,0.7040977215069755,7.866236133380136,0.714608327742783,3.1695180578249205,0.7525656984899767
PRD_0302,6,에센스/세럼/앰플,아이오페 XMD 스템3 클리니컬 리커버리 세럼 30ml,5.898918939003523,0.7776644811082216,1.8445883318127816,0.8072166822796815,1.256492729183694,0.8425339568104016
PRD_0303,1211,에센스/세럼/앰플,[PDRN물광플럼핑] 아이오페 XMD 스템3 클리니컬 리커버리 세럼 30ml 기획 (+세럼5ml+크림5ml,1617.1347398933326,0.8241343592032894,579.5440255648455,0.788675443177389,348.3212345418221,0.8414671994766616
PRD_0304,593,미스트/오일,런드리유 클린 페이스 솔리드 미스트 카밍 100g,506.269259674198,0.7256792750006764,182.2194840945804,0.7308831046623007,127.51125623122164,0.8078745732647157
PRD_0305,14,크림,제나벨 PDRN 리쥬비네이팅 크림 70ml 기획 (+20ml),15.642330973462435,0.830550782981244,5.056544805371144,0.797502405113076,3.301124221166419,0.8194737925385637
PRD_0306,1767,에센스/세럼/앰플,[잡티미백] 구달 청귤 비타C 잡티케어 세럼 알파 30ml 기획 (+20ml),1966.335589509658,0.7300445114520407,618.4088746917598,0.7451950406944224,397.255535798582,0.8039999866859002
PRD_0307,1701,에센스/세럼/앰플,[잡티토닝] 구달 청귤 비타C 잡티케어 세럼 알파 50ml 기획 (+35ml 미니어처),1919.74519087044,0.7274000598059872,602.3801944432353,0.7431046444744722,379.8746146863247,0.7994049304877928
PRD_0308,409,크림,한율 어린쑥 수분진정 크림 55ml 기획 (+25ml+랩핑시트팩 1매),460.5339485046321,0.7417431089480417,148.8863595662176,0.6895416293393979,77.57969192915031,0.7865590930625554
PRD_0309,1437,에센스/세럼/앰플,[1+1/깐달걀피부결] 이니스프리 레티놀 시카 흔적 앰플 30ml 더블 기획,1474.4186158791013,0.7237365680248486,559.6045654497872,0.7587210671588839,313.97681867111163,0.7945967631830767
PRD_0311,883,크림,리얼베리어 익스트림 크림 70ml 기획 (+30ml) (2507),1707.2423474451448,0.7806158334806858,344.24840922984964,0.7840144611183623,190.50924332500577,0.8055535192958821
PRD_0313,148,에센스/세럼/앰플,[대용량 한정기획] 차앤박 프로폴리스 트리트먼트 앰플 에센스 300ml 기획 (+화장솜 190매),167.80950544665512,0.8343559622393424,75.72046910181739,0.8020714140462223,42.47002545152753,0.8380802259813391
PRD_0314,100,에센스/세럼/앰플,[다이노탱 에디션][대용량] 더페이스샵 올티밋 나이아신아마이드 10% 세럼 50ml,84.28657088199668,0.7630670392130625,38.60051700464434,0.7997648479112293,26.11291211335897,0.8553812404191177
PRD_0315,8,크림,[다이노탱 에디션][대용량] 더페이스샵 올티밋 히알루로닉 스쿠알란 1% 크림 90ml,13.377669659371636,0.7861521298686241,4.601190207119059,0.7794402265436584,3.021140133509302,0.8556437653810561
PRD_0316,209,로션,토니모리 원더 세라마이드 모찌 에멀전 300ml,147.10966497734634,0.8343000394199647,87.8360569365885,0.8484058009585719,49.05427808606514,0.8823534641375707
PRD_0317,34,에센스/세럼/앰플,[5분요철진정] 아로셀 시카 리페어 판테놀 앰플 40ml,32.11213050056957,0.7882604888425195,9.49338766187725,0.7864618883482417,7.394481837553178,0.879125697655809
PRD_0318,996,에센스/세럼/앰플,이니스프리 레티놀 시카 흔적 앰플 30ml 기획 (+10ml),1162.544607051958,0.7143016519088342,380.5317765437061,0.7353063389155193,207.92361640433572,0.7729065442311572
PRD_0319,1611,에센스/세럼/앰플,[속건조필수템] 웰라쥬 리얼 히알루로닉 블루 100 앰플 100ml 기획 (+원데이키트2ea),1825.352655717545,0.7641166992283445,544.7526173618929,0.762094570057681,311.894726920562,0.8056153264419498
PRD_0320,987,에센스/세럼/앰플,[속건조필수템] 웰라쥬 리얼 히알루로닉 블루 100 앰플 75ml 2입 기획,1127.099277533333,0.7666958666667341,340.4036822154683,0.766604233503776,191.4970402511988,0.8069860089442815
PRD_0321,1726,에센스/세럼/앰플,[집중진정] 라운드랩 소나무 진정 시카 앰플 30ml 리필팩,1333.2694941950986,0.7920165589604247,663.6091461209498,0.7888313346568642,432.1213596839517,0.8482488430261561
PRD_0322,264,미스트/오일,[청담샵PICK/로션미스트] 온그리디언츠 스킨 베리어 속광 미스트 기획 (100ml+50ml+키링),322.54733857050263,0.7946438683920786,97.28457486434866,0.7297875505607508,58.1680865651487,0.8177281183496168
PRD_0323,964,에센스/세럼/앰플,[모공에센스] VT 리들샷 100 에센스 30ml 더블 기획(+피디알엔 에센스 100 1.5ml*3ea),1148.1207010679946,0.7288183792005178,353.13877438009524,0.7510250911426363,232.74052455191045,0.8059325483994506
PRD_0324,1969,에센스/세럼/앰플,[보습 광채탄력] VT 피디알엔 에센스 100 30ml 더블 기획 (+리들샷 100 10ml),2414.4388505655497,0.7958839063947342,700.5631439232855,0.7626528733323136,440.9980055111649,0.8221366844570723
PRD_0327,36,에센스/세럼/앰플,VT 리들샷 100 에센스 10ml,38.35851159258414,0.666075727380295,9.918746494068223,0.637714359890628,8.722741913347638,0.7930650554648134
PRD_0328,12,에센스/세럼/앰플,VT 리들샷 300 에센스 10ml,23.63131416761456,0.6852376096146098,4.935278949058951,0.7286739904684375,2.433406883326489,0.7714391599320595
PRD_0329,9,크림,[화잘먹 엑소좀진정크림] 리브엠 시카좀 카밍 워터 젤크림 100ml,8.768165831064966,0.7418912932117,1.1885124226148698,0.7451688145674454,1.0433217463201652,0.8313575262510271
PRD_0330,32,크림,[화잘먹 엑소좀수분크림] 리브엠 워터핏 8중 수분착붙 크림 100ml,41.77543297881061,0.8103958289141583,11.407776230861334,0.7848828940835665,5.816790790328055,0.8009949313459789
PRD_0331,159,에센스/세럼/앰플,[피부장벽강화] 숨37 시크릿 에센스 50ml+50ml 리필 기획,170.0853548316877,0.7690439046667656,72.31766480302272,0.7633433891840534,37.59698036528957,0.8138394669462684
PRD_0332,17,스킨/토너,[광채부스팅] VT 피디알엔 토너 250ml,16.08141115017877,0.8363092519689284,4.755495274996682,0.8317299161422429,5.163093574824547,0.901757422765318
PRD_0333,88,크림,[영서PICK][영양보습] VT 피디알엔 캡슐크림 100 50ml,72.45612254626553,0.8102063661301495,27.418984418947137,0.8407412022697252,22.124893034787323,0.8782624083413665
PRD_0334,94,미스트/오일,[뿌리는8종콜라겐] 아로셀 슈퍼 콜라겐 앰플 미스트 80ml,71.52936886976124,0.7425725431051244,35.021997272954515,0.7638442932394637,23.448633857284257,0.8392062755695274
PRD_0335,654,에센스/세럼/앰플,[단독증정/속광탄력] 닥터지 블랙스네일 레티놀 앰플 50ml 증정 기획 (+마스크팩 1매),624.2310538611896,0.8002254409570662,258.08600359977765,0.8020915604437033,136.6829425390327,0.8256231385650068
PRD_0336,957,에센스/세럼/앰플,[대용량기획/아따맘마 콜라보] 차앤박 프로폴리스 에너지 액티브 앰플 50ml 리필기획 (+키링 파우치),1077.4214220546703,0.8007493468430212,427.10728696088574,0.7819329618911277,220.4712909844436,0.8287904138084895
PRD_0338,1046,에센스/세럼/앰플,[대용량한정기획] 차앤박 프로폴리스 트리트먼트 앰플 에센스 300ml (아따맘마 에디션),1160.99246117066,0.8227990584324394,488.1375121260378,0.7953029178618156,255.87002670330224,0.8379527018241312
PRD_0342,5378,에센스/세럼/앰플,[리뉴얼] 코스알엑스 어드밴스드 더 비타민C 23 세럼 20g 2입,4545.340614797474,0.7240249059085833,2001.2180794005164,0.7720682742276199,1522.4413058020095,0.8318087671746267
PRD_0343,16,에센스/세럼/앰플,코스알엑스 어드밴스드 더 비타민C 23 세럼 20g,26.12665658979567,0.569338559931681,7.048509479889325,0.6805342986999519,3.824833930315007,0.6498555745536941
PRD_0344,1813,크림,[포곤콜라보/장벽회복] 리얼베리어 익스트림 크림 70ml 기획 (+30ml+패딩백 키링),2946.943632449633,0.7628103194197834,695.4192117174296,0.7678487884309306,390.6371558329381,0.7984487045227769
PRD_0345,1525,크림,[포곤콜라보/화잘먹] 리얼베리어 익스트림 크림 라이트 70ml 기획 (+30ml + 스크런치),2689.479842106746,0.7779778823906415,584.3587293172706,0.7725320492326041,332.1614285759828,0.8072566360805596
PRD_0346,78,크림,[속수분/장벽크림] 이니스프리 그린티 세라마이드 크림 50ml 기획 (+20ml),93.8964031146156,0.7598543256534365,22.953423548612257,0.7445849429952067,14.150173336772164,0.8002201502890519
PRD_0349,292,에센스/세럼/앰플,러븀 그린 시트러스 비타민 씨 세럼 플러스 30ml,593.3834522300266,0.7887132975033022,139.24487859797085,0.7557971278563708,95.37166917200256,0.8028393393869069
PRD_0350,3,크림,러븀 그린 시트러스 비타민 씨 젤 크림 플러스 50ml,2.8562097410333727,0.786808132530543,0.1069176141073384,0.7507535690313479,0.036872644859289,0.7962226180760648
PRD_0351,493,에센스/세럼/앰플,주미소 나이아신아마이드 20% 세럼 40ml,489.46128863457,0.7616027144879924,192.832019172152,0.7697243416012084,130.706692193278,0.8245166283528779
PRD_0352,18,크림,[탄력/수분] 바이오던스 포어 퍼펙팅 콜라겐 펩타이드 크림 50ml 기획 (+10ml+겔 패드 2매입),16.71283101058179,0.7429980905062247,4.59162611820716,0.6325927639540522,2.6955428712110483,0.8200181264530013
PRD_0353,76,스킨/토너,[NEW/장벽토너] 코스노리 판테놀 베리어 토너 205ml,61.20422852665381,0.7799498966018481,24.09424794933157,0.7810035203380099,15.701523524014616,0.8458832773485281
PRD_0354,1736,로션,[화잘먹로션/장벽로션] 코스노리 판테놀 베리어 에멀전 150ml,2887.8019638460146,0.8420064161742867,442.1724894393898,0.7954704528498753,321.02554671459586,0.8532787414606273
PRD_0355,4884,에센스/세럼/앰플,[2025 어워즈 1위] 토리든 다이브인 저분자 히알루론산 세럼 100ml 어워즈 한정기획,5689.714254251017,0.7910009008592952,1731.044882739256,0.7694730840285176,963.2408630097268,0.8113164316247008
PRD_0356,366,에센스/세럼/앰플,[휴닝카이PICK/피부볼륨] 더마펌 펩트올로지 부스팅 앰플 PDRN 30ml 기획 (+30ml 리필),764.3683459515505,0.8557375882625989,182.58306334682555,0.7920168046393408,107.04859070162388,0.8282351769883335
PRD_0357,184,에센스/세럼/앰플,[휴닝카이PICK/모공케어] 더마펌 펩트올로지 부스팅 앰플 레티노이드 30ml 기획 (+30ml 리필),367.1946083411809,0.8073845581725235,68.16498036520696,0.8205828874198672,41.64041129361208,0.8368295813643551
PRD_0358,27,에센스/세럼/앰플,[NEW] 헤라 레티놀 3x 리프팅 세럼 25ml,15.10608118811809,0.7175029668784789,11.605548935176191,0.825672870114223,10.288369876705715,0.8961219039532384
PRD_0359,2644,에센스/세럼/앰플,[2025 어워즈] 웰라쥬 리얼 히알루로닉 블루 100 앰플 75ml 더블 어워즈 한정기획,2977.966461522822,0.7751576837039135,938.5878942359416,0.7647875085903969,531.4456442412366,0.8066807482742747
PRD_0360,3631,에센스/세럼/앰플,[2025 어워즈] 구달 청귤 비타C 잡티케어세럼 알파 50ml 어워즈 기획(+50ml+크림 10ml+겔마스크 1매),3940.291918632547,0.7386269241323599,1374.562251568552,0.758003217726083,841.1458297989005,0.810648605703974
PRD_0361,4964,에센스/세럼/앰플,[2025 어워즈] VT 리들샷100 50ml 어워즈 기획 (+리들샷300스틱파우치 5개+PDRN에센스100 15ml),6170.981969301873,0.741676685929354,1833.121224386065,0.7505479776433714,1168.8968063120617,0.8035418045166699
PRD_0362,632,에센스/세럼/앰플,[트러블케어/리필기획] 비플레인 시카테롤 앰플 30ml 리필기획 (+리필 31ml),668.8589336283198,0.7267918397996251,223.15215315565064,0.728549243620776,143.98891321602957,0.7990117508814343
PRD_0363,1206,미스트/오일,[속광탄력 부스팅미스트] 에스네이처 아쿠아 스쿠알란 미스트 100ml 더블기획,1424.6647698991942,0.7451679156453256,380.8685305083381,0.7220964529914061,242.46669959246785,0.7958344557255085
PRD_0364,290,크림,[피부장벽] 라곰 셀러스 딥 모이스쳐 크림 60ml,1011.5637289451834,0.8532836176239922,108.71602460305276,0.8057709120709039,82.72024645176371,0.8476554571969418
PRD_0367,249,로션,[맨PDRN]아이오페 XMD 클리니컬 리커버리 올인원 포맨 기획 120g(+30g),194.94281728055176,0.8388690634792125,85.45124061273731,0.8242831870120895,57.60594210671093,0.8649834522781665
PRD_0368,727,에센스/세럼/앰플,파티온 노스카나인 트러블 세럼 100ml,585.3913038505898,0.7749421720687504,339.6073173162502,0.7900508864536737,185.00137883316,0.8449342991944688
PRD_0369,5428,미스트/오일,[1+1+1/안개분사] 차앤박 프로폴리스 에너지 앰플 미스트 100ml 트리플 기획,5654.909927360871,0.7592943573969547,2111.1680214395064,0.7719919590235355,1142.9220511996227,0.8030900873663316
PRD_0370,929,크림,[미백/비타생기] 달바 비타 토닝 캡슐 크림 55g 더블 기획,1042.45558296923,0.8494200648700335,343.0661272126802,0.7973749250515367,276.47828981808993,0.8722042296272815
PRD_0371,571,에센스/세럼/앰플,[보습광채/화잘먹앰플] 차앤박 프로폴리스 에너지 액티브 앰플 30ml 2입 기획 (+15ml),596.7854788366103,0.8042761199477736,234.18165018555604,0.7924367098335292,106.0328709778336,0.8231405266396092
PRD_0372,606,에센스/세럼/앰플,[리뉴얼/3천원페이백] 마미케어 바다포도 레티놀 모공앰플 50ml,731.7198082478361,0.7274567697676975,235.6989528598105,0.7477942691229005,154.58123889235338,0.7876925854400868
PRD_0373,2766,스킨/토너,[속보습/화잘먹] 라네즈 크림스킨 170ml 리필 기획 (+170ml 리필+미스트펌프),3196.222398149731,0.7481744464273803,986.3999726364711,0.7526347342396666,536.3776292137981,0.7901647846394609
PRD_0377,172,미스트/오일,코스알엑스 더 세라마이드 스킨 베리어 모이스처라이징 미스트 120ml,172.00154425409966,0.749219107889078,44.3656207963172,0.7575817952269702,31.63283494958313,0.8317691801298125
PRD_0378,52,크림,디마프 크림스컴트루 스쿠알란 베리어 리페어 크림 50ml,55.92183281044218,0.7803911566568973,18.82030352770642,0.7259000079623615,8.2578636618514,0.7496405285526246
PRD_0379,371,에센스/세럼/앰플,[속보습]코스알엑스 더 6 펩타이드 스킨 부스터 세럼 30ml,327.3848277783489,0.7286048748833731,188.47858560748855,0.7150842818269932,76.13658661416245,0.7641131822182601
PRD_0380,10,크림,[장도연 PICK/1+1] 메디힐 마데카소사이드 흔적 리페어 더마크림 50+50ml 더블 기획,9.530333683983384,0.8174616274559653,1.5480217419227444,0.8367849628356326,0.921644574093872,0.8424685855416078
PRD_0381,3560,에센스/세럼/앰플,에스트라 아토베리어365 세라-히알 속수분 앰플 30ml+30ml 리필 기획,3580.7086728782524,0.7915897877919943,1261.3585173144363,0.742753640979173,752.9328098073108,0.8286009594061525
PRD_0382,977,에센스/세럼/앰플,에스트라 아토베리어365 하이드로 에센스 200ml 기획(+클렌징밀크 30ml),1092.6124486624226,0.7993794903502075,333.1330491838929,0.7934924717579092,208.2545021536843,0.8294215890188874
PRD_0383,849,크림,코이 플로우 리프팅 랩핑 크림 50ml 기획 (+괄사마사지기 + 미니 크림 10ml*2ea),1024.4731498501728,0.7455864580091685,425.3272208208107,0.7343760802007934,212.19962932901652,0.7832158788320429
PRD_0384,4720,에센스/세럼/앰플,[망곰 콜라보] 웰라쥬 리얼 히알루로닉 블루 100 앰플 75ml 2입 기획 (+크림 20ml+PVC 파우치),4199.930041721313,0.7938421214503374,1509.6492113635893,0.7913065845424184,1007.4207469150977,0.8460196606629974
PRD_0385,263,스킨/토너,[망곰 콜라보] 웰라쥬 리얼 히알루로닉 100 토너 300ml 기획 (+화장솜 60매),185.6286015713398,0.8501394652424821,78.13233886311265,0.8325691720395361,64.23905956554755,0.8935377514110345
PRD_0386,414,에센스/세럼/앰플,[망곰 콜라보] 웰라쥬 리얼 히알루로닉 원데이키트 7개입 (+아크릴 달력),347.9720225198406,0.7709059072758232,186.78930457928232,0.728900788846516,104.238672900877,0.8161475226371125
PRD_0387,2549,에센스/세럼/앰플,[6.9배 급속 진정 장벽개선] 레이어랩 니오좀 판테놀 5% 세럼 30ml,4847.460932216405,0.8176398029028825,996.057537556369,0.766529712886311,653.4815302272261,0.8272121084021425
PRD_0388,84,에센스/세럼/앰플,톰 히알루론산 부스트 앰플 50g,68.37689383451931,0.6699368346931208,34.41921829414095,0.7050983142905698,25.20388787133973,0.7927743273386395
PRD_0389,492,스킨/토너,[더블기획/1등토너] 라운드랩 1025 독도 토너 300ml 더블 기획 (+말랑키링)(눈멍이콜라보),502.26581807093527,0.7930500254990228,226.44402805162048,0.7979745089786636,113.29015387744424,0.8233245755365552
PRD_0390,3283,에센스/세럼/앰플,[더블기획/트러블쏙] 라운드랩 소나무 진정 시카 앰플 30ml 리필기획 (+30ml 리필+마스크+스티커 모음),3656.275524638294,0.7335474453847873,1349.4679961394036,0.7068953389473291,790.2564792223027,0.7795386854821563
PRD_0391,33,에센스/세럼/앰플,[NEW/광채/잡티케어/화잘먹] 네오젠 리얼 나이아신아마이드 15% 세럼 30ml,18.48499926001743,0.7900134719138566,9.440339236804308,0.8386952968717589,9.074661503178262,0.874961092752419
PRD_0393,6619,로션,온그리디언츠 스킨 베리어 카밍 로션 이엑스 스틱포 4ml*5ea,5839.089164075179,0.775356249545719,2267.1423094428947,0.7678479819263087,1408.7685264819263,0.8310112850728326
PRD_0394,1443,에센스/세럼/앰플,[코르티스PICK]토리든 밸런스풀 시카 컨트롤 세럼 50ml 한정 리필 기획 (+리필 50ml+패드 10매),1241.8560823009352,0.7802345874631897,468.9799974991138,0.7894177498829044,321.163920199951,0.8409430027672845
PRD_0395,852,에센스/세럼/앰플,[시카PDRN/장벽앰플] 듀이트리 AC 딥 장벽 진정 보습 앰플 60ml,805.7000295322104,0.7683368700694992,241.0469812749544,0.751838791245954,158.25298919283523,0.8203794957813182
PRD_0396,2,크림,[시카PDRN/장벽크림] 듀이트리 AC 딥 장벽 진정 보습 크림 60ml,3.5451751271654484,0.8410462556379682,0.2511365744669332,0.8035970190125356,0.2036882983676183,0.8691276451752156
PRD_0397,4864,에센스/세럼/앰플,[1위세럼]토리든 다이브인 저분자 히알루론산 세럼 50ml 한정 리필 기획,5443.916183812813,0.7880080350057642,1807.1132639459163,0.7652475957945255,946.9705522412696,0.8039072341826919
PRD_0398,2090,스킨/토너,[대용량]토리든 다이브인 저분자 히알루론산 토너 500ml 대용량 한정 기획 (+늘어나는 화장솜 60매),2261.6491796183527,0.7889120936264431,713.5839048986372,0.79221663395256,374.7669154830097,0.8236957498025543
PRD_0399,894,크림,세타필 수딩 앤 컴포팅 시카 카밍 크림 45ml 기획(시카크림 10ml+파우치키링 증정),1914.1654035037411,0.8102029514868876,352.2396049325575,0.7579444005048992,201.5949915637009,0.8165922037023776
PRD_0400,497,에센스/세럼/앰플,[NEW/트러블 흔적세럼] 아이소이 브라이트닝 카밍 스팟 세럼 35ml 기획 (+10ml),859.0889058461146,0.7812676326666567,166.0823402597519,0.7432845236731975,107.8287538941335,0.797346624867526
PRD_0401,3545,에센스/세럼/앰플,[115ml 대용량 기획] 구달 청귤 비타C 잡티케어 세럼 알파 50ml 더블 기획(+신제품 TXA세럼),4493.624076520103,0.7760888681867355,1476.145526473887,0.7693108950214104,861.2303970060098,0.8229651614735887
PRD_0403,1728,에센스/세럼/앰플,[잡티세럼] 마녀공장 글루타치온 7 다크스팟 세럼 30ml,2994.368764179137,0.7808819239742527,680.7147146044238,0.7551087756957788,472.9165212164384,0.8002330452476766
PRD_0405,314,에센스/세럼/앰플,[1등 세럼] 유세린 하이알루론 에피셀린 세럼 30ml 기획 (+나이트크림 7ml+마스크팩 1매),338.06836165030825,0.7373403981785434,150.93936429300982,0.7466787801771914,76.99227405668196,0.7880273698771849
PRD_0406,4,크림,[100% 리뷰이벤트] 웰라쥬 리얼 히알루로닉 수딩 크림 80ml,3.9727207987850335,0.7127582772367917,0.7493532176009171,0.5216773063839952,0.2779259836140493,0.5374265388384915
PRD_0407,978,크림,[조슈아PICK/1+1] 리얼베리어 익스트림 크림 70ml 1+1 기획,1951.6690707956373,0.7866982982351508,415.1021846617173,0.7762142316616194,231.22874454264516,0.8037538573499878
PRD_0408,804,미스트/오일,[장벽미스트/+50ml증정 기획]유이크 바이옴 베리어 크림 미스트 100ml 기획 (+50ml),906.271711956772,0.7315270535578524,326.7609021910177,0.7414709109971019,168.96738585221038,0.8037765888709737
PRD_0410,48,스킨/토너,글로우 레몬 비타민 토너 300ml,36.93696359095702,0.7288678491845693,11.663961720294132,0.7713733706921921,13.399074688748842,0.8468697516058598
PRD_0411,17,크림,유세린 하이알루론 3X 나이트크림 50ml,21.08126517245413,0.7814388322999002,6.847254317105614,0.8580419349907792,3.0714805104402494,0.8289233190810946
PRD_0415,1143,에센스/세럼/앰플,[리뷰이벤트/화잘먹부스팅템] 세포랩 바이오제닉 에센스 블렌디드 포뮬라 50% (100ml/30ml) 택1,1028.6994836880283,0.7170964057145693,429.2100796306341,0.7354031716774699,303.0904366813372,0.8039768769025676
PRD_0416,21,에센스/세럼/앰플,[리뷰이벤트/속당김ZERO] 세포랩 바이오제닉 에센스 90% (100ml/30ml) 택1,19.87554710937785,0.7706161023860694,10.682413616816977,0.7062994897667281,4.4420392738051735,0.7891328106060429
PRD_0417,2074,로션,세포랩 바이오제닉 모이스처라이저 80ml,1856.835592240392,0.8126072040887313,596.6445703960653,0.7955378244667508,478.5198373635426,0.8577314615142835
PRD_0418,78,에센스/세럼/앰플,[4월올영픽/포카이벤트] 아이소이 브라이트닝 카밍 스팟 세럼 총 70ml 대용량 리필 기획,64.41008021717954,0.7389663478035154,24.453846526832933,0.7787168149351291,14.136073255987531,0.8205973715335687
PRD_0419,39,에센스/세럼/앰플,[리뉴얼/촉촉진정] 아임프롬 머그워트 에센스 150ml,112.08822216295133,0.8630833578070094,11.843866009704923,0.7600345349219215,13.067911827343757,0.8575949384703754
PRD_0420,754,에센스/세럼/앰플,[4월올영픽/파워물광] 아이오페 XMD 스템3 클리니컬 리커버리 세럼 23ml 기획 (+세럼 15ml+크림 5ml),1200.0215784662723,0.8240581791842282,371.7248841326307,0.7758727488892249,218.25353740109705,0.8385714586606773
PRD_0421,4680,크림,[1+1+역대급증정/4월올영픽/모공수분천재크림] 에스네이처 아쿠아 스쿠알란 수분크림 60ml 더블기획 (+파우치키링),5546.065145091584,0.7632587443164728,1638.8966455518676,0.7643253528155146,937.0382093565488,0.8091491671106127
PRD_0422,594,미스트/오일,[역대급증정/4월올영픽/속광탄력미스트] 에스네이처 아쿠아 스쿠알란 미스트 100ml 기획 (+크림10ml+스티커),750.0348269777477,0.7451737696924833,207.2830567156056,0.7416211610208479,129.68211630664672,0.7995997699436816
PRD_0423,368,에센스/세럼/앰플,[단독기획] 아임프롬 머그워트 에센스 150ml 1+1,273.41692019813263,0.8252982961585128,150.95020191617388,0.8116907570513551,96.63287788569346,0.8735372141500574
PRD_0424,728,에센스/세럼/앰플,[NEW/모공쿨링] 셀퓨전씨 포스트 알파 쿨링 펩타이드 앰플 30ml 기획 (+10ml),1667.43612613169,0.8193698851810134,257.1210380187732,0.766171238422794,172.44283584953672,0.8101802993747073
PRD_0425,1725,에센스/세럼/앰플,[리락쿠마 콜라보/진정1등] 클레어스 블루 유스 액티베이팅 드롭 50ml 한정기획 (+리락쿠마 파우치),2134.6430301552946,0.6832237675841456,919.8149068864044,0.6660066523052465,414.5420629583011,0.7373884105588604
PRD_0426,562,에센스/세럼/앰플,[리락쿠마 콜라보/3분진정] 클레어스 블루 유스 액티베이팅 드롭 20ml 기획 (+리락쿠마 블루 장바구니),580.3650275858168,0.7206120363734668,284.55788143146253,0.7094340109281939,138.07709098272068,0.7855411190875515
PRD_0427,1289,로션,[4월올영픽/단독기획] 피지오겔 DMT 페이셜 로션 200ml 기획 (+토너 50ml),1403.307537641449,0.7753655952195634,477.03184256512367,0.7923596807658155,255.6606197934273,0.839077963046755
PRD_0428,78,크림,[3세대 리뉴얼/단독 증정] 닥터지 레드 블레미쉬 클리어 수딩 크림 EX 70ml,156.5552476246988,0.8222864630126281,33.76147213161943,0.7529479165368165,24.68328024368175,0.8334324514504122
PRD_0430,45,미스트/오일,[NEW] 닥터지 레드 블레미쉬 쿨 수딩 젤리 미스트 100ml,42.98650529416812,0.7500949935256541,23.974400655474604,0.8384962451672199,14.039094050357273,0.8741210249838234
PRD_0432,932,에센스/세럼/앰플,[1+1/수분진정] 닥터지 레드 블레미쉬 클리어 히알 시카 수딩 세럼 50ml 기획 (+50ml 리필),1106.677039766375,0.7608224717130713,306.9989806421001,0.7538583031469803,191.32397959152496,0.8021967582985315
PRD_0433,1499,미스트/오일,[화잘먹] 디어달리아 엔드리스 스킨 크림 미스트 100ml,1461.4859546123516,0.836629579638062,441.31019479932047,0.8194868975787089,311.2038505883277,0.8688964672075147
PRD_0435,7,에센스/세럼/앰플,[리뷰이벤트/트러블진정/쿨링] 머그워트 센텔라 카밍 앰플,5.402787553931642,0.7501192811066777,3.0278569323567424,0.8229222715772628,2.569355513711616,0.8488797940367552
PRD_0436,6,에센스/세럼/앰플,[업체배송] 설화수 윤조에센스 6세대 90ml 기획(+에센스90ml+클렌징폼50ml+에센스8ml+자음생크림5ml),3.2054644533554173,0.8842449626256392,6.507938998980195,0.8414569163593464,2.2865965476643884,0.8780592526007512
